Age,Temp,CO2,CH4,GAST_2.5,GAST,GAST_97.5,Eccentricity,Obliquity,Precession
-798,"-8,6213","190,06","435,32","-10,14","-6,53","-3,63","0,01548628706","23,08887651","26,49638256"
-797,"-8,6449","188,54","402,37","-9,73","-6,25","-3,8","0,01592666245","23,15841439","45,66048976"
-796,"-8,3792","191,48","420,32","-9,31","-6,04","-3,36","0,01628885259","23,23304434","64,58929819"
-795,"-7,6399","196,63","427,55","-8,79","-5,86","-3,07","0,0166986994","23,31097603","83,47818343"
-794,"-6,6322","203,73","435,42","-9,21","-5,58",-3,"0,01711604501","23,39009344","101,9012139"
-793,"-5,8783","204,9","465,73","-8,56","-5,44","-3,13","0,01749129291","23,4681673","120,6485444"
-792,"-5,35","206,51","466,02","-8,33","-5,15","-2,54","0,01787422363","23,54343506","138,9062868"
-791,"-4,3422","218,44","492,02","-7,86","-4,14","-1,44","0,01820765044","23,61385383","157,0967338"
-790,"-3,4341","219,81","540,15","-6,42","-3,22","-0,62","0,01857525145","23,67764137","175,358566"
-789,"-2,5828","228,77","554,14","-5,42","-2,99","-0,58","0,01887788136","23,73326203","193,3879574"
-788,"-1,878","247,93","608,13","-5,66","-2,78","0,24","0,01913413313","23,77928009","211,3756902"
-787,"-0,5853","257,43","708,44","-5,12","-2,59","-0,01","0,01944248252","23,81459706","229,3294897"
-786,"-1,0417","256,7","680,47","-5,08","-2,45","-0,05","0,01964761214","23,83858934","247,1505258"
-785,"-1,1234","251,81","661,68","-4,95","-2,2","0,63","0,01984610622","23,85054311","265,1932607"
-784,"-1,7073","247,76","647,44","-4,82","-2,08","0,64","0,0200177493","23,85049374","282,8188124"
-783,"-1,9671","250,81","633,58","-5,05","-2,14","0,23","0,02018774598","23,83870193","300,7769104"
-782,"-1,9598","246,48","623,77","-4,94","-1,92","0,44","0,02026143107","23,81543421","318,7098085"
-781,"-2,3512","245,28","630,86","-4,98","-1,9","0,55","0,02036626546","23,78154112","336,3943715"
-780,"-2,1573","247,14","613,89","-4,97","-2,14","0,86","0,02041881133","23,73799581","354,4629097"
-779,"-2,1625","245,12","606,66","-5,03","-2,1","0,73","0,02048284776","23,68578661","12,27968365"
-778,"-2,4397","246,07","679,82","-5,48","-2,33","0,35","0,02044837996","23,62621724","30,26759099"
-777,"-2,6938","244,85","630,67","-5,74","-2,42","0,85","0,0204437918","23,56049499","48,19374394"
-776,"-2,7499","238,86","617,82","-6,31","-2,51","0,92","0,02043564517","23,48990131","66,14525003"
-775,"-3,265","240,13","579,05","-6,65","-2,62","0,89","0,02028832063","23,41585053","84,23313951"
-774,"-3,7998","234,63","563,01","-6,43","-2,85","0,83","0,02020984522","23,33975166","102,1625467"
-773,"-4,2659","230,04","565,97","-6,81","-3,28","0,22","0,02004135237","23,2630661","120,2189352"
-772,"-4,3488","230,61","539,3","-6,88","-3,46","0,58","0,01984765299","23,18739517","138,450716"
-771,"-3,8831","235,65","644,99","-6,57","-3,45","0,21","0,01960847982","23,11417642","156,4923006"
-770,"-3,8307","229,39","620,64","-6,64","-3,22","-0,05","0,01930852173","23,04485455","174,6812223"
-769,"-4,6136","221,53","569,01","-6,72","-3,43","-0,16","0,01904906787","22,98100101","193,0735239"
-768,"-5,6004","219,05","515,04","-6,51","-3,3","-0,02","0,01863229681","22,92377346","211,3231635"
-767,"-6,3292","213,71","514,52","-6,55","-3,07","0,29","0,01824300878","22,87430707","229,7728576"
-766,"-5,9625","216,02","463,58","-6,22","-3,09","0,79","0,01785701615","22,83347626","248,1929793"
-765,"-5,0912","221,53","530,75","-6,55","-3,08","0,06","0,01733151189","22,8019843","266,9110399"
-764,"-4,735","221,97","552,08","-6,47","-3,19","0,21","0,01683150658","22,78016224","285,5248062"
-763,"-5,2339","215,71","525,62","-6,48","-3,39","0,2","0,01634183306","22,76842275","304,1964571"
-762,"-6,3034","211,38","473,92","-7,39","-3,62","-0,07","0,01572306341","22,76690451","323,3157068"
-761,"-7,3278","206,48","461,37","-7,48","-4,02","-0,97","0,01518264479","22,77560872","342,1629791"
-760,"-7,162","210,18","461,48","-8,4","-4,35","-0,7","0,01452548822","22,79457668","1,383636318"
-759,"-6,2366","217,07","427,21","-9,11","-4,88","-1,29","0,01394666726","22,82365343","20,66051964"
-758,"-5,5243","218,7",498,"-9,07","-5,22","-1,62","0,01329886389","22,86245227","40,205788"
-757,"-5,2463","211,5","473,16","-9,35","-5,54","-1,81","0,01259614408","22,91065262","59,79996459"
-756,"-6,3495","204,3","430,82","-9,27","-5,77","-1,79","0,01201625872","22,96755009","79,68964668"
-755,"-7,4781","199,16","424,93","-9,14","-5,74","-1,76","0,01130267194","23,03234322","99,85520164"
-754,"-7,8825","191,67","410,29","-9,07","-5,68","-2,59","0,01064119445","23,10405752","120,4193167"
-753,"-8,2713","196,39","424,75","-9,22","-5,23","-2,01","0,009993130469","23,18141825","141,0145619"
-752,"-8,4191","189,64","410,04","-8,62","-4,58","-1,77","0,009348052114","23,26290917","162,5593519"
-751,"-8,5822","185,4","420,2","-8,11","-4,14","-0,98","0,008737284039","23,34719184","184,5373136"
-750,"-8,3958","184,34","398,63","-7,33","-3,79","-0,79","0,008124793689","23,43256824","206,9906313"
-749,"-8,4979","181,67","400,04","-6,97","-3,62","-0,76","0,007627883895","23,51730744","230,5412244"
-748,"-8,6804","180,52","397,86","-6,28","-3,34","-0,9","0,007234119055","23,59993229","254,933119"
-747,"-8,6209","181,34","404,91","-6,28","-3,31","-0,7","0,006832660682","23,67876301","280,4457214"
-746,"-8,56","180,79","415,16","-5,98","-3,18","-0,84","0,006731163477","23,75212585","306,0973353"
-745,"-8,481","181,72","424,56","-6,04","-3,17","-0,83","0,006695622757","23,81872528","332,640161"
-744,"-8,8216","180,83","430,75","-5,53","-3,01","-0,87","0,006878009782","23,8771917","358,9216365"
-743,"-8,7659","181,91","416,12","-5,7","-3,14","-0,67","0,007220213842","23,92602352","24,38311193"
-742,"-8,4395","177,77","406,7","-5,61","-3,15","-1,13","0,007657255153","23,96419446","48,96940727"
-741,"-8,2422","178,61","407,82","-5,97","-3,15","-0,88","0,008345146331","23,99066642","72,56089697"
-740,"-7,5558","182,78","406,78","-5,6","-3,17",-1,"0,008946448814","24,00436163","95,39319635"
-739,"-5,8933","198,97","407,4","-5,52","-3,05","-0,46","0,009729568485","24,00475624","117,0840713"
-738,"-5,0042","209,41","458,88","-5,62","-2,98","-0,6","0,01054666334","23,99135875","138,0312434"
-737,"-4,4858","208,19","556,97","-5,82","-2,87","-0,17","0,01137037447","23,96385921","158,8607545"
-736,"-3,8099","203,74","538,54","-5,99","-2,98","0,14","0,01225623621","23,92272958","178,779884"
-735,"-4,099","203,39","528,83","-6,2","-3,15","-0,29","0,01312700527","23,8682727","198,3317532"
-734,"-3,9375",205,"522,91","-6,53","-3,39","-0,15","0,01407919603","23,8013776","217,8954939"
-733,"-3,9446","204,63","524,09","-6,47","-3,48","-0,64","0,01497682701","23,7234668","236,839299"
-732,"-4,7965","203,99","531,82","-6,37","-3,47","-1,14","0,01589298848","23,63594629","255,8049149"
-731,"-5,2534","204,21","538,24","-6,37","-3,55","-1,15","0,01686196135","23,54053141","274,4506273"
-730,"-5,3379","204,3","547,98","-7,06","-3,55","-1,29","0,01777854323","23,43951342","293,0510341"
-729,"-5,7631","205,32","533,03","-6,87","-3,67","-0,74","0,01870268164","23,3348447","311,6338409"
-728,"-6,034","205,37",542,"-6,42","-3,68","-1,37","0,01964773005","23,22879755","329,8054299"
-727,"-6,004","205,29","531,28","-6,2","-3,83","-1,4","0,02057037879","23,12395465","348,2602299"
-726,"-5,3482","206,85","549,07","-6,71","-3,93","-1,45","0,02149757116","23,0226108","6,461319119"
-725,"-5,1776","206,68",485,"-6,62","-3,96","-1,55","0,02239594994","22,92714407","24,57709592"
-724,"-6,179","211,62","569,57","-6,52","-3,89","-1,36","0,02329087309","22,84012412","42,68657029"
-723,"-7,7375","213,14","565,77","-6,68","-3,97","-1,52","0,024220766","22,76365644","60,75730062"
-722,"-8,5897","211,03","518,83","-6,37","-3,95","-1,42","0,02498496906","22,699881","78,75515056"
-721,"-8,1336","202,7","458,97","-6,56","-3,95","-1,58","0,02589165538","22,65072127","96,61853538"
-720,"-7,1298","190,61","405,19","-6,51","-3,96","-1,53","0,02667944317","22,61742231","114,6051747"
-719,"-6,834","185,06","397,8","-6,64","-3,93","-1,85","0,02740872378","22,60091618","132,4512612"
-718,"-6,3495","193,68","402,39","-6,82","-3,81","-1,35","0,02819512633","22,6018443","150,2437872"
-717,"-5,7071","205,56","408,59","-6,37","-3,69","-1,6","0,02888973394","22,61979885","167,9806894"
-716,"-5,2458","218,43","489,67","-5,87","-3,52","-1,13","0,02957430454","22,65419854","185,8109167"
-715,"-4,5076","218,51","570,87","-5,82","-3,3","-1,04","0,03023103629","22,70411165","203,367893"
-714,"-4,0038","222,09","583,71","-5,67","-3,27","-1,03","0,03084759701","22,76766114","221,0038389"
-713,"-4,1397","219,13","596,86","-5,49","-2,76","-0,65","0,03149851714","22,84317436","238,5745026"
-712,"-4,1713","218,62","581,12","-4,9","-2,31","0,05","0,03203872181","22,92868722","256,0164122"
-711,"-4,0154","219,06","589,57","-4,59","-1,97","0,17","0,03260551541","23,02169378","273,4105329"
-710,"-4,0054","219,99","560,43","-3,98","-1,57","0,5","0,03320428593","23,11998461","290,7375904"
-709,"-4,0101","221,45","537,91","-4,18","-1,29","1,03","0,03366153376","23,22129159","307,9763575"
-708,"-3,5462","224,01","508,64","-3,62","-1,24","1,08","0,03421458284","23,32294531","325,1681316"
-707,"-3,6876","226,58","537,54","-3,38","-1,2","1,25","0,03468747167","23,42280717","342,1406005"
-706,"-3,5934","228,58",610,"-3,47","-0,98","1,22","0,03516271552","23,51872363","359,2618866"
-705,"-3,21","233,57","597,04","-3,29","-1,22","1,08","0,0355874392","23,60831974","16,11822245"
-704,"-2,8078","231,2","591,13","-3,7","-1,31","0,93","0,03601013479","23,68991333","32,90759018"
-703,"-2,3975","232,41","600,39","-3,88","-1,5","0,94","0,03640915699","23,76194134","49,81725837"
-702,"-2,0671","229,16","582,7","-4,23","-1,72","0,84","0,03675762173","23,82277335","66,45145985"
-701,"-2,2276","227,91","588,59","-4,34","-1,63","0,68","0,03706712903","23,87158114","83,17716225"
-700,"-2,7306","226,51","570,05","-4,38","-1,73","0,54","0,03743062876","23,90755369","99,81729428"
-699,"-2,282","227,1","601,54","-4,09","-1,65","1,01","0,03765119159","23,93022896","116,4356444"
-698,"-1,8764","231,31","604,89","-4,15","-1,55","0,92","0,037913799","23,93962056","133,0699316"
-697,"-1,8557","232,85","621,62","-4,74","-1,99","0,61","0,03815058718","23,93608231","149,6006228"
-696,"-1,7842","235,02","646,68","-5,15","-2,37","0,08","0,03832665822","23,91991588","166,2105436"
-695,"-1,9539","236,87","639,1","-5,02","-2,35","0,25","0,03850065536","23,89205829","182,8529873"
-694,"-1,8373","235,19","614,8","-5,06","-2,31","0,56","0,03861542501","23,85342945","199,3286268"
-693,"-1,8609","234,78","600,71","-4,91","-2,51","-0,33","0,03877521529","23,80505575","216,0318807"
-692,"-2,6304","235,66","569,83","-5,59","-2,76","-0,29","0,03883105655","23,74829198","232,6381507"
-691,"-2,5617",234,"571,23","-5,5","-3,03","-0,65","0,03888330847","23,68440748","249,2265855"
-690,"-3,0987","236,14","554,66","-5,69","-2,98","-0,53","0,03896291271","23,61468854","265,9517767"
-689,"-3,6223","235,15","547,09","-6,16","-3,49","-1,07","0,03897414976","23,54071916","282,5993598"
-688,"-3,4516","232,45","528,15","-6,23","-3,62","-1,13","0,03894244519","23,46393007","299,3464231"
-687,"-3,9477","228,07","529,37","-6,66","-3,64","-1,2","0,03895961285","23,38582026","316,0097301"
-686,"-4,5188","224,4","515,13","-6,37","-3,65","-1,34","0,03891447106","23,30803729","332,8005497"
-685,"-4,689","219,54","518,02","-6,31","-3,74","-1,26","0,0387989098","23,23222869","349,5689121"
-684,"-5,3422","217,5","498,89","-6,42","-3,76","-1,3","0,03875913332","23,15982578","6,28546698"
-683,"-5,2268","220,06","517,9","-6,75","-3,77","-0,97","0,03858301453","23,09238297","23,11821508"
-682,"-5,9626","220,43","493,02","-6,94","-3,86","-1,34","0,0384564931","23,03125719","39,9251421"
-681,"-7,329","216,34","487,84","-6,82","-4,01","-1,1","0,03824082267","22,97749067","56,72647956"
-680,"-6,3048","224,54","450,14","-7,31","-3,95","-1,32","0,03802146622","22,93219711","73,53388311"
-679,"-4,886","230,67","497,78","-6,78","-3,97","-1,27","0,03780495512","22,89603659","90,40405483"
-678,"-6,3468","226,68","492,69","-7,14","-3,92","-1,41","0,03746600772","22,86953517","107,210252"
-677,"-6,8871","215,4","465,83","-6,71","-3,94","-1,48","0,03717016961","22,85296769","124,0550271"
-676,"-5,9253","218,16","539,8","-6,76","-4,08","-1,39","0,03686596114","22,84660031","140,8329096"
-675,"-6,8017","216,53","555,55","-7,44","-4,15","-1,5","0,03642046615","22,85029419","157,7195885"
-674,"-7,5467","207,49","553,57","-7,51","-4,21","-1,69","0,03604534541","22,86403865","174,4352981"
-673,"-7,9434","198,18",524,"-7,57","-4,22","-1,63","0,03561392569","22,88752012","191,2156068"
-672,"-8,2053","192,87","463,68","-7,44","-4,53","-1,56","0,03511142966","22,92025694","208,0202756"
-671,"-7,5615","193,05",483,"-7,37","-4,33","-1,78","0,03463234276","22,96165797","224,6780207"
-670,"-7,249","187,73","422,83","-6,96","-4,18","-1,61","0,03406922548","23,01093741","241,3308857"
-669,"-8,4058","179,07","391,49","-7,11","-3,94","-1,61","0,03356503482","23,06690705","258,0658735"
-668,"-8,916","173,56","376,14","-6,95","-4,03","-1,24","0,03292522763","23,1284442","274,5510605"
-667,"-9,003","172,69","373,7","-6,9","-4,15","-1,12","0,03232723083","23,19410985","291,1103649"
-666,"-9,0473","178,4","379,79","-7,28","-4,43","-1,84","0,03172269326","23,26232768","307,5432529"
-665,"-8,8904","183,33","397,19","-7,44","-4,74","-2,2","0,03101428111","23,33154775","323,9089929"
-664,"-8,1965","189,08","413,32","-8,07","-4,78","-2,26","0,03030860967","23,40021313","340,2339101"
-663,"-7,9274","188,54","393,46","-8,14","-4,88","-1,98","0,0296228062","23,46663131","356,3259353"
-662,"-8,2153","189,11","390,33","-7,82","-4,79","-2,18","0,0288145572","23,52949116","12,53999764"
-661,"-8,5877","186,69","401,1","-7,75","-4,7","-1,99","0,02805082672","23,58731342","28,52454524"
-660,"-8,0408","183,68","374,72","-7,72","-4,73","-2,16","0,02720429716","23,63880584","44,32805068"
-659,"-8,2668","185,79","355,35","-7,53","-4,65","-2,04","0,02639790568","23,68284988","60,24266957"
-658,"-7,4772","191,01","346,31","-7,6","-4,59","-1,88","0,02548948825","23,71828643","75,87347595"
-657,"-7,0566","197,86","386,89","-7,49","-4,61","-1,95","0,02459155815","23,74419113","91,3192692"
-656,"-6,8037","197,03","413,04","-7,64","-4,57","-1,87","0,02371987248","23,75983121","106,884287"
-655,"-7,3021","192,67","402,48","-7,63","-4,61","-1,6","0,02275948931","23,76454034","121,9792367"
-654,"-7,7825","188,53","400,16","-7,62","-4,54","-2,11","0,02182458409","23,75792217","137,1611737"
-653,"-7,8023","185,65","406,73","-7,34","-4,23","-1,47","0,02091696032","23,73991375","151,9752345"
-652,"-7,4755","189,79","410,66","-7,1","-4,04","-1,04","0,01998460355","23,71055329","166,6704067"
-651,"-7,3898","188,49","413,18","-6,94","-3,85","-1,05","0,01904629971","23,67039071","181,178469"
-650,"-7,2549","192,62","418,55","-6,8","-3,81","-0,92","0,01820565675","23,62031787","195,1609404"
-649,"-7,2566","192,32","425,27","-6,68","-3,63","-0,92","0,0173310657","23,56139974","209,145948"
-648,"-7,6007","190,99","427,2","-6,56","-3,67","-1,2","0,01654529915","23,49515386","222,6493533"
-647,"-7,7874","189,21","428,54","-6,59","-3,67","-1,31","0,01579638026","23,42344976","235,6284714"
-646,"-7,704","192,06",429,"-6,53","-3,91","-1,5","0,01513828276","23,34817391","248,4170024"
-645,"-7,6849","194,31",429,"-7,03","-4,25","-1,62","0,01458987397","23,2715746","260,8202206"
-644,"-7,7262","192,42","413,18","-7,2","-4,49","-1,93","0,01407319919","23,19572219","272,5060651"
-643,"-8,0603","190,35","381,8","-7,29","-4,56","-2,17","0,01378681544","23,12287533","284,2512024"
-642,"-8,4985","189,93","369,62","-7,53","-4,66","-2,2","0,01357663109","23,05511978","295,562792"
-641,"-8,856","189,26","371,03","-7,5","-4,69","-2,16","0,01349023618","22,99439086","306,6855001"
-640,"-8,8408","187,93","372,44","-7,59","-4,74","-2,09","0,01364003937","22,94241005","317,9322607"
-639,"-8,7219","190,95",373,"-7,86","-4,75","-2,02","0,01390009449","22,90090729","329,3217059"
-638,"-8,5378","194,16",373,"-7,47","-4,67","-2,29","0,01425091829","22,87109607","340,9213728"
-637,"-8,5113","193,05",373,"-7,33","-4,5","-1,84","0,0148702032","22,85405032","352,9304963"
-636,"-8,9028","193,59","368,92","-7,14","-4,32","-1,67","0,01547812238","22,8506522","5,308026834"
-635,"-8,9051","192,92","364,27","-7,13","-4,2","-1,84","0,01626441402","22,86121685","18,27464305"
-634,"-8,5729","193,29","362,75","-7,23","-4,21","-1,52","0,01711162955","22,88565853","31,45469678"
-633,"-8,3696","195,31","368,62","-7,2","-4,17","-1,71","0,01805061804","22,92367108","45,11980036"
-632,"-8,785","199,5","374,5","-6,87","-4,03","-1,64","0,01901361504","22,97417609","59,3683664"
-631,"-8,7415","199,73","370,39","-7,02","-3,89","-1,48","0,02004350426","23,03579439","73,53379714"
-630,"-8,5252","199,48","362,86","-6,76","-3,62","-1,17","0,02110547136","23,10679191","88,33440488"
-629,"-7,7845","200,64","357,31","-6,04","-3,19","-0,63","0,02220997043","23,18486841","103,2963135"
-628,"-6,2756",205,"371,84","-5,58","-2,83","-0,06","0,02327795276","23,26776007","118,3769423"
-627,"-4,7011","217,63","388,27","-5,18","-2,66","-0,13","0,02442639316","23,35309769","133,7419479"
-626,"-3,0945","229,97","474,15","-4,67","-2,22","0,23","0,0255761538","23,43819206","149,2310386"
-625,"-2,4054","236,24","529,14","-4,65","-1,96","0,78","0,02667064937","23,52078474","164,820451"
-624,"-2,646","237,91","572,93","-4,39","-1,88","0,64","0,02782371311","23,59873846","180,5565431"
-623,"-2,8157","239,25","630,81","-4,43","-1,79","0,87","0,02898663673","23,66981813","196,2865255"
-622,"-2,5543","242,27","638,75","-3,96","-1,48","0,95","0,03004760819","23,73242558","212,2748692"
-621,"-1,9961","244,28","608,76","-3,62","-1,17","1,18","0,03119016991","23,78497549","228,1022699"
-620,"-2,1263","246,01","603,64","-3,59","-1,07","1,41","0,03226702977","23,82601485","244,1367825"
-619,"-2,3029","247,82","603,02","-3,45","-0,98","1,62","0,03332367127","23,85459179","260,2277142"
-618,"-1,9395","250,88","605,74","-3,47","-1,12","1,18","0,03437760576","23,86991604","276,3112855"
-617,"-1,996","252,34","610,76","-3,6","-1,19","1,26","0,03533602428","23,87137783","292,4248021"
-616,"-1,3782","252,42","615,16","-3,59","-1,18","1,17","0,03640764958","23,85897411","308,7047504"
-615,"-1,0033","252,49","618,42","-3,42","-1,06","1,28","0,03726254884","23,83280188","324,9191173"
-614,"-1,0939","255,16","614,33","-3,45","-0,89","1,47","0,03818643012","23,79338839","341,2220846"
-613,"-1,1879","257,19","603,66","-3,22","-0,91","1,71","0,0390999819","23,74172634","357,5907211"
-612,"-1,4534","258,69","619,3","-3,31","-0,87","1,81","0,03984824994","23,67914946","14,01596244"
-611,"-1,4689","259,09","597,89","-3,28","-0,96","1,42","0,04065240535","23,60706626","30,51093654"
-610,"-1,1335","257,87","586,44","-3,25","-0,99","1,47","0,04139587024","23,52750047","46,99024061"
-609,"-1,5373","259,11","577,94","-3,44","-1,02","1,38","0,04204808929","23,44236021","63,68087754"
-608,"-2,0544","255,7","564,61","-3,58",-1,"1,56","0,04271279421","23,35375119","80,31005871"
-607,"-2,777","251,36","537,4","-3,86","-1,15","1,48","0,04328246811","23,26390894","97,01177162"
-606,"-3,274","247,35","533,55","-3,69","-1,15","1,64","0,04386733066","23,17497045","113,8603241"
-605,"-3,5001","244,21","514,57","-3,75","-1,01","1,24","0,04437448229","23,08892369","130,6550756"
-604,"-3,9866","240,36","510,61","-3,24","-0,91","1,35","0,04479995602","23,00794524","147,5484835"
-603,"-4,1993","238,52","526,74","-3,71","-1,09","1,09","0,04530546416","22,93369616","164,4761754"
-602,"-4,3105","236,82",538,"-3,76","-1,27","1,16","0,04563952899","22,86776154","181,4415283"
-601,"-4,8947","232,96","538,35","-3,66","-1,44",1,"0,04599097265","22,81177745","198,4327301"
-600,"-5,0397","230,61","535,61","-4,01","-1,45","0,75","0,04631982706","22,76682677","215,4275842"
-599,"-5,4537","226,94","542,57","-4,09","-1,47","0,96","0,046570481","22,7339892","232,4531783"
-598,"-6,2974","219,27","499,68","-4,13","-1,69","0,54","0,04680918161","22,71419809","249,5421665"
-597,"-6,5849","216,35","461,61","-4,21","-1,73","0,95","0,04696963605","22,70776497","266,4638277"
-596,"-5,5008","220,78","449,24","-4,34","-1,72","0,83","0,04716579384","22,71493027","283,5606337"
-595,"-4,0536","234,65","475,8","-4,15","-1,55","1,06","0,04723064046","22,73567704","300,5496686"
-594,"-4,4545","238,08","527,08","-4,17","-1,72","0,78","0,04730513722","22,76938316","317,4718915"
-593,"-5,1186",231,"502,29","-4,53","-1,65","0,81","0,04732756868","22,81535689","334,4645499"
-592,"-5,5943","228,06","478,23","-4,28","-1,76","0,75","0,04732742925","22,87253022","351,3495318"
-591,"-5,3428","236,5","447,22","-4,45","-1,91","0,81","0,04722230244","22,93956951","8,239485047"
-590,"-3,4766","246,83","464,32","-4,74","-1,92","0,49","0,0471613202","23,01498563","25,05204538"
-589,"-4,3839","248,48","471,78","-4,16","-1,77","0,79","0,04703171453","23,09731069","41,83888391"
-588,"-5,5059","238,41","458,22","-4,41","-1,64","0,82","0,04683123939","23,18479457","58,62037897"
-587,"-6,7161","227,19","459,8","-3,96","-1,52","0,78","0,04664277851","23,27593906","75,27231506"
-586,"-5,5094","222,18","471,27","-3,88","-1,46","1,02","0,04642237249","23,36908678","91,91701867"
-585,"-5,7612","217,71","474,74","-3,95","-1,41","0,98","0,04613396147","23,46259252","108,5810908"
-584,"-6,7524","213,23","478,21","-3,4","-1,38",1,"0,04585140385","23,55479604","125,0488533"
-583,"-6,3116","206,87","481,67","-3,84","-1,2","0,8","0,04550210097","23,64409673","141,5929619"
-582,"-4,4734","215,4","487,83","-3,63","-1,26",1,"0,04520759566","23,72865456","158,0528576"
-581,"-3,0579","226,95","485,81","-3,54","-1,13","1,24","0,04477917313","23,80695777","174,453357"
-580,"-1,3279","243,83","519,01","-3,35","-0,73","1,86","0,04439732449","23,87739592","190,785609"
-579,"-1,0901","252,55","613,72","-3,11","-0,58",2,"0,04403679181","23,93835137","207,1327331"
-578,"-1,7951","250,24","599,78","-3,65","-0,8","1,47","0,04351319303","23,98843891","223,3826065"
-577,"-1,8333","251,3","596,95","-3,31","-0,81","1,65","0,04311694871","24,02658208","239,6286577"
-576,"-1,6911","252,72","588,89","-3,25","-0,84","1,7","0,0426080255","24,05153318","255,769246"
-575,"-1,3404","250,74","600,52","-3,68","-0,99","1,44","0,04210116252","24,06273211","272,0049618"
-574,"-1,7228","251,82","612,78","-3,64","-1,19","1,5","0,04158433842","24,05963363","288,1088048"
-573,"-1,357","249,07","612,37","-4,14","-1,45","1,31","0,04100309684","24,04181937","304,1993749"
-572,"-1,542","248,13","604,01","-4,99","-1,96","0,58","0,0404624865","24,00934435","320,3833461"
-571,"-1,4896","249,82","595,3","-5,06","-2,38","-0,19","0,03984983689","23,96245585","336,4493374"
-570,"-1,5088","251,63",587,"-5,61","-2,98","-0,14","0,03919540034","23,90145038","352,5772027"
-569,"-1,6285","251,12","589,59","-6,11","-3,36","-0,57","0,03864812109","23,82715216","8,698429478"
-568,"-1,4561","252,91","614,93","-6,15","-3,38","-0,69","0,03792852655","23,74067766","24,86824666"
-567,"-1,7636","253,22","623,45","-6,39","-3,43","-0,86","0,03726783371","23,64311052","41,01775208"
-566,"-1,8274","254,14","619,23","-6,48","-3,57","-0,81","0,03664551829","23,53628684","57,16222655"
-565,"-2,0745","251,64","582,94","-6,71","-3,53","-1,13","0,03589878456","23,42214352","73,43464852"
-564,"-2,6452","251,61","551,34","-6,46","-3,56","-0,89","0,0352296754","23,30280467","89,67053453"
-563,"-3,3349","245,77","531,43","-6,48","-3,6","-1,18","0,03449218887","23,18090607","105,8577721"
-562,"-4,0378","240,9","494,83","-6,27","-3,63","-1,14","0,03378626601","23,05936425","122,2435124"
-561,"-4,8514","234,51","467,24","-6,12","-3,71","-1,4","0,03302581628","22,94077865","138,570732"
-560,"-5,5495","231,62","508,47","-6,7","-3,88","-1,61","0,03225592341","22,82834446","154,8383676"
-559,"-6,8086","230,03","481,43","-7,23","-4,27","-1,78","0,03152351158","22,72503354","171,3386101"
-558,"-5,5399","232,67",443,"-7,22","-4,43","-2,12","0,03071779711","22,63348696","187,6386473"
-557,"-5,0408","239,89","509,61","-7,37","-4,36","-2,1","0,02991661059","22,55649271","204,1100819"
-556,"-4,0355","246,4","575,7","-7,25","-4,43","-2,09","0,0291290452","22,49646482","220,4402889"
-555,"-3,9268","236,23","548,39","-7,46","-4,59","-2,16","0,02831819569","22,45490299","236,8413463"
-554,"-4,9393","225,73",502,"-7,39","-4,75","-2,19","0,02744605409","22,43366422","253,2387401"
-553,"-6,2364","223,64","451,03","-7,66","-4,77","-2,08","0,02664902857","22,43356133","269,4258681"
-552,"-6,8099","221,96","483,21","-7,94","-4,94","-2,24","0,02577077536","22,45473898","285,7107183"
-551,"-5,9543","222,15","476,39","-7,68","-4,96","-2,39","0,02491805411","22,49730555","301,9181363"
-550,"-5,8947","220,28","466,29","-7,94","-5,04","-2,55","0,02403043137","22,56038904","317,8200453"
-549,"-7,0661","215,55","445,11","-8,22","-5,14","-2,52","0,02317777328","22,64236688","333,8039739"
-548,"-6,9865","213,65","410,44","-8,28","-5,13","-2,6","0,02229070503","22,74171511","349,5954954"
-547,"-7,42","202,53","401,57","-7,84","-5,04","-2,72","0,02139234117","22,85585393","5,066766093"
-546,"-8,1344","204,51","413,89","-8,16","-4,94","-1,95","0,02051932242","22,98170077","20,51833759"
-545,"-8,126","208,83","421,67",-8,-5,"-2,25","0,01967612227","23,11635263","35,62993812"
-544,"-7,5674","209,63","420,38","-8,07","-5,11","-2,47","0,01874011401","23,25614435","50,57194581"
-543,"-7,2467",210,"405,47","-8,17","-5,11","-2,38","0,01794666487","23,39719612","65,15875423"
-542,"-7,2156","209,35","407,95","-8,55","-5,16","-2,62","0,01711035973","23,53624867","79,47467546"
-541,"-7,4677","206,8","393,93","-8,22","-5,13","-2,39","0,01629235651","23,66963553","93,52787603"
-540,"-7,4614","203,78","397,09","-8,38","-4,99","-2,16","0,0155551916","23,79395217","107,1196143"
-539,"-7,6953","204,95","413,57","-7,86","-4,74","-2,19","0,01484742087","23,90657661","120,1917558"
-538,"-7,1506",210,"459,44","-7,28","-4,34","-1,78","0,01419402272","24,00491272","133,3050278"
-537,"-6,7726","212,34","495,49","-6,85","-4,08","-1,67","0,01360571933","24,08678837","145,3772311"
-536,"-6,7789","209,35","485,36","-6,83","-4,15","-1,45","0,01309844096","24,15080908","157,409981"
-535,"-6,6441","205,8","451,76","-6,68","-3,87","-1,51","0,01271514882","24,19564802","169,1120602"
-534,"-7,2344","203,18","456,74","-6,48","-3,59","-1,09","0,01236524737","24,22044156","180,1828847"
-533,"-7,5485","199,49","431,01","-6,53","-3,58","-0,64","0,01218086228","24,22518876","191,1719706"
-532,"-7,3586","197,38","420,68","-6,21","-3,32","-0,8","0,01214381059","24,2095528","202,2727116"
-531,"-6,9868","193,93","437,81","-6,01","-3,34","-0,87","0,01212579535","24,17411626","212,8820363"
-530,"-5,5234","200,19","444,85","-5,67","-3,23","-0,76","0,0123372767","24,1199548","224,1205922"
-529,"-4,4748","212,28","456,12","-5,75","-3,13","-0,64","0,01262912919","24,04821272","235,309119"
-528,"-4,3505","220,57","518,77","-5,57","-2,94","-0,64","0,01300100594","23,96070546","247,0028002"
-527,"-4,5057","220,82","530,39","-5,6","-2,81","-0,56","0,01349111951","23,85987362","259,1093096"
-526,"-4,8943","222,52","539,71","-4,99","-2,69","-0,51","0,01409979186","23,74798097","271,4260387"
-525,"-4,4808","225,37","534,93","-5,23","-2,69","-0,37","0,01470288579","23,62810504","284,6396253"
-524,"-4,4967","229,18","519,64","-5,33","-2,92","-0,74","0,01542730212","23,50336527","297,8941566"
-523,"-4,5553","233,35","526,15","-5,64","-2,97","-0,84","0,01616965913","23,37683361","311,6965107"
-522,"-3,4127","236,13","532,37","-5,61","-3,12","-1,07","0,01694847195","23,25176376","326,0937288"
-521,"-3,8664","241,07","522,79","-5,56","-3,15","-0,97","0,01777308863","23,13131879","340,6313204"
-520,"-3,6271","242,64","516,25","-5,73","-3,25","-0,83","0,01856971512","23,01808445","355,5173583"
-519,"-3,3679","243,47","503,26","-5,76","-3,2","-0,98","0,01948478391","22,91486817","10,92870225"
-518,"-3,4769","246,67","511,64","-5,81","-3,26","-1,06","0,0202819115","22,8238659","26,3771638"
-517,"-4,2753","245,32","507,65","-5,57","-3,15","-0,94","0,02115255088","22,74678033","42,13137732"
-516,"-4,0113","245,95","479,09","-5,62","-3,06","-0,91","0,02206663823","22,68519222","58,12239227"
-515,"-4,9638","246,51","510,39","-5,93","-3,1","-0,79","0,02287604524","22,64016188","74,25327112"
-514,"-4,7834","242,09","494,69","-5,75","-3,19","-0,82","0,02371868559","22,61218545","90,56815418"
-513,"-5,556","239,21","486,91","-5,6","-2,99","-0,59","0,0246030719","22,6015389","106,8642854"
-512,"-5,6588","239,56","486,9","-5,23","-2,86","-0,74","0,0253553515","22,6080704","123,5022853"
-511,"-5,7822","237,33","501,35","-5,39","-2,65","-0,56","0,02618758507","22,63099154","140,0475675"
-510,"-5,6081","236,37","527,4","-4,96","-2,48","-0,15","0,02692128975","22,66947445","156,6804288"
-509,"-5,8893","235,61","554,06","-4,86","-2,34","0,14","0,02768183006","22,72204231","173,457707"
-508,"-4,784","238,24","580,55","-4,45","-2,25","0,06","0,02839610314","22,78690221","190,2601697"
-507,"-4,6351","238,17","588,82","-4,81","-2,29","0,21","0,02902841313","22,86212904","206,9723853"
-506,"-5,1153","235,81","580,51","-5,1","-2,37","-0,16","0,02974672594","22,94555174","223,8801228"
-505,"-4,9024","234,38","533,64","-5,28","-2,36","0,06","0,03031536786","23,03478047","240,6786451"
-504,"-4,4211","233,88","553,91","-4,75","-2,32",0,"0,03087777157","23,12763657","257,5516463"
-503,"-4,4151","232,1","515,1","-5,09","-2,44","-0,25","0,03145355908","23,22172624","274,3554906"
-502,"-4,2678","231,34","518,84","-4,85","-2,27","-0,27","0,03192559678","23,31492519","291,2473464"
-501,"-4,4227","230,36","514,81","-4,87","-2,35","-0,21","0,03236636632","23,40537354","308,1303448"
-500,"-4,2614","229,45","496,07","-5,08","-2,4","-0,3","0,03281171581","23,49141994","324,9320368"
-499,"-3,7614","230,64","502,68","-4,76","-2,4","-0,13","0,03316958612","23,57144714","341,8148989"
-498,"-3,8856","233,32","506,9","-4,78","-2,3","0,03","0,03352530535","23,6443645","358,7234327"
-497,"-3,9529","236,45","516,08","-4,62","-2,27","-0,18","0,033783005","23,70890344","15,49160209"
-496,"-3,6621","237,37","519,13","-4,62","-2,21","0,14","0,03407668251","23,76419433","32,40543507"
-495,"-3,78","238,48","502,09","-4,49","-2,01","0,21","0,03427742676","23,8093505","49,26266469"
-494,"-3,8422","238,61","515,49","-4,22","-1,88","0,56","0,03443450554","23,8437391","66,08903041"
-493,"-3,4955","239,5","500,21","-4,12",-2,"0,32","0,03455611772","23,86676287","82,99754628"
-492,"-3,3177","243,49","517,37","-4,64","-2,22","0,14","0,03468501754","23,87810934","99,79922185"
-491,"-2,9854","245,83","573,05","-4,6","-2,29","0,26","0,03466864144","23,8775723","116,8013219"
-490,"-2,3179","242,87","562,72","-5,25","-2,63","-0,14","0,03469364815","23,86519353","133,5985931"
-489,"-2,4737","252,77","606,66","-5,54","-2,84","-0,28","0,03467877795","23,84121141","150,5321402"
-488,"-2,4845","240,19","615,85","-5,85","-3,05","-0,81","0,03455393422","23,80619417","167,5544386"
-487,"-2,7516","232,77",583,"-6,03","-3,21","-0,76","0,03446324974","23,76080283","184,4251855"
-486,"-3,3564","232,91","574,37","-5,97","-3,29","-0,69","0,03427263356","23,70597367","201,4390925"
-485,"-3,4523","232,39","545,61","-5,88","-3,36","-0,99","0,03410769434","23,64267966","218,5232024"
-484,"-3,5708","231,31","540,42","-6,23","-3,54","-1,03","0,03382680425","23,572075","235,5339961"
-483,"-4,0834","231,4","513,13","-7,06","-4,14","-1,36","0,03354829415","23,49556342","252,6682718"
-482,"-4,3543","227,62","505,57","-7,49","-4,52","-2,11","0,03328602102","23,41457448","269,8181145"
-481,"-4,9094","223,42","496,76","-7,83","-4,89","-2,43","0,03286552142","23,33071312","287,0291981"
-480,"-4,998","223,24","510,12","-8,18","-5,19","-2,4","0,03252159726","23,24568466","304,3161497"
-479,"-5,7761","219,48","506,35","-8,48","-5,41","-2,71","0,03212582108","23,16139596","321,5320128"
-478,"-5,1184","232,89","517,87","-8,92","-5,48","-2,9","0,03167186905","23,0796202","338,994946"
-477,"-4,0222","238,66","519,78","-9,28","-5,78","-2,94","0,03121474907","23,0026356","356,3396416"
-476,"-4,8005","235,71","506,84","-9,09","-5,91","-2,99","0,0307181416","22,93231796","13,72574435"
-475,"-6,0623","232,86","482,39","-9,02","-5,79","-2,73","0,03021644031","22,87075966","31,29631256"
-474,"-7,0041","234,34","461,85","-9,08","-5,87","-3,2","0,02968039943","22,81984752","48,73934964"
-473,"-5,652","241,65","445,71","-9,13","-5,92","-2,86","0,02905426361","22,78129994","66,32321162"
-472,"-4,0893","245,11","465,93","-8,95","-5,9","-2,75","0,02854989632","22,75649154","83,86927724"
-471,"-5,1234","242,57",482,"-9,43","-5,99","-3,06","0,02787650976","22,74664606","101,5449305"
-470,"-6,8127","229,51","464,43","-9,23","-6,06",-3,"0,02724550286","22,7523462","119,1251042"
-469,"-6,6652","216,42","437,73","-9,45","-6,12","-3,21","0,02665527919","22,77397989","136,7755658"
-468,"-8,2578","206,05","462,97","-9,44","-6,09","-2,9","0,02594921853","22,81130567","154,4372693"
-467,"-8,0418","204,55","488,55","-9,26","-5,98","-3,31","0,02531258326","22,86363282","172,121658"
-466,"-8,3406","203,59","453,58","-9,18","-5,83","-3,01","0,02460563987","22,92986564","189,6296848"
-465,"-8,4442","204,3","444,83","-8,92","-5,77","-2,98","0,02393784878","23,00859898","207,3237675"
-464,"-7,9065","206,67","455,66","-8,52","-5,74","-3,06","0,02323499151","23,09773825","224,9245564"
-463,"-7,6309","208,75","486,31","-8,9","-5,74","-3,25","0,02247806776","23,19524554","242,432362"
-462,"-7,3148","208,57","472,61","-9,08","-5,98","-3,37","0,02179623938","23,29860075","259,9928195"
-461,"-8,2445","201,13","457,07","-9,64","-6,28","-3,62","0,02107452201","23,40499753","277,5645977"
-460,"-8,4046","196,7","407,61","-9,43","-6,43","-3,59","0,02027484986","23,51175543","295,0690994"
-459,"-8,773","193,25","398,94","-8,92","-5,43","-2,77","0,01961027556","23,61589802","312,5749084"
-458,"-8,7897","190,86","404,07","-8,7","-5,44","-2,67","0,01884166301","23,71443603","330,0791401"
-457,"-8,8617","194,15","409,2","-8,51","-5,2","-2,64","0,01811016711","23,80473558","347,7256465"
-456,"-7,9989","198,61","412,31","-8,23","-5,14","-2,61","0,01737464602","23,8839877","5,150389337"
-455,"-7,0303","203,71","448,73","-7,92","-5,23","-2,63","0,01667409696","23,94958541","22,74185913"
-454,"-6,4881","208,07","483,55","-7,82","-4,99","-2,59","0,01594665534","23,99968133","40,59678226"
-453,"-7,4816","204,01","418,04","-7,59","-4,99","-2,55","0,01522893381","24,03237964","57,99148305"
-452,"-7,0417","196,39","399,56","-7,56","-4,87","-2,36","0,0145393063","24,04631785","76,03099205"
-451,"-7,6824","192,92","383,75","-7,59","-4,83","-2,57","0,0138723405","24,04094229","93,81671151"
-450,"-7,4526","195,22","381,22","-7,43","-4,96","-2,73","0,0131612544","24,01587085","111,8950978"
-449,"-7,3584","199,15","386,96","-7,48","-4,89","-2,57","0,01250731869","23,97121926","130,1601314"
-448,"-6,5379","202,18","413,34","-7,3","-4,76","-2,54","0,01189068434","23,90812565","148,421957"
-447,"-6,2303","204,86","498,02","-7,22","-4,81","-2,46","0,01122510553","23,82754014","167,33034"
-446,"-7,6202","201,75","458,41","-7,37","-4,79","-2,61","0,01064573386","23,73127064","186,1818744"
-445,"-7,45","201,55","415,26","-7,13","-4,43","-2,14","0,01004902632","23,62164957","205,2903558"
-444,"-7,5192","205,52","476,19","-7,01","-4,4","-2,04","0,009539394741","23,50105707","225,263135"
-443,"-8,0146","205,85","438,94","-7,11","-4,43","-2,21","0,009000600123","23,37244594","245,118265"
-442,"-8,3371","202,67","438,1","-7,22","-4,6","-2,22","0,008511994482","23,23949836","265,4897108"
-441,"-8,9536","200,83","410,4","-7,78","-4,89","-2,56","0,00815502487","23,10536911","286,5956814"
-440,"-9,079","199,63","404,25","-7,91","-5,07","-2,68","0,007711142811","22,97411533","307,8836685"
-439,"-9,1653","200,46","396,44","-8,21","-5,14","-2,73","0,007413317297","22,84982091","329,8595965"
-438,"-9,3678","201,79","393,67","-8,2","-5,19","-2,73","0,007170365896","22,7359427","351,8567265"
-437,"-9,4375","201,35","389,49","-8,06","-5,04","-2,72","0,006968358987","22,63631015","14,72992931"
-436,"-8,684","201,7","383,39","-8,02","-4,94","-2,32","0,00684930286","22,55435554","37,7873149"
-435,"-8,4766","200,53",381,"-7,21","-4,76","-2,38","0,006779631457","22,49246532","60,25368201"
-434,"-8,5547","205,42","382,09","-7,6","-4,55","-2,11","0,006846127359","22,4530433","83,88508058"
-433,"-8,3268","208,94","391,82","-7,36","-4,59","-2,41","0,006910200499","22,43751024","106,4241321"
-432,"-8,19","208,66","389,22","-6,97","-4,36","-2,16","0,007052220482","22,44620762","129,2523749"
-431,"-8,1518","212,33","389,59",-7,"-4,36","-1,97","0,007277082568","22,47920997","151,4381411"
-430,"-7,265","225,56","380,27","-6,92","-4,1","-2,03","0,007545203109","22,53558799","173,2785101"
-429,"-6,2391","219,79","430,8","-6,41","-3,96","-1,76","0,007805196816","22,61344509","195,281036"
-428,"-4,6419","235,63","426,67","-6,03","-3,64","-1,36","0,008154132937","22,71075386","215,8570197"
-427,"-2,888","249,82","463,95","-5,93","-3,39","-1,26","0,00851098872","22,82471957","236,8171796"
-426,"-2,039","255,17","460,33","-5,51","-3,12","-1,11","0,008910230927","22,95179499","257,3092838"
-425,"-0,2478","270,48","570,29","-5,31","-2,5","-0,4","0,009266702352","23,08880597","277,0509427"
-424,"-2,2105","267,95","611,29","-4,64","-1,85","0,76","0,009707460424","23,2319967","296,7306647"
-423,"-2,0739","269,69","661,16","-4,26","-1,47","0,81","0,01013896849","23,37738961","316,085173"
-422,"-1,7845","266,68","687,16","-3,62","-1,23","1,22","0,01051409659","23,52147242","335,0348536"
-421,"-0,7424","270,82","700,68","-3,21","-0,77","1,53","0,01096403626","23,66060835","353,8909561"
-420,"-0,5837","272,12","681,13","-2,84","-0,49","1,55","0,01137429981","23,79117274","12,18796045"
-419,"-0,2836","273,93","657,31","-2,46","-0,32","1,71","0,01177146992","23,91041997","30,89540991"
-418,"0,3084","273,35","645,13","-2,11","-0,15","2,15","0,01216527307","24,0153445","48,79901767"
-417,"0,7526","273,07","633,84","-2,16","-0,07","2,06","0,01255673082","24,10366172","66,82305386"
-416,"0,205","273,61","622,56",-2,"-0,04","1,92","0,01293698443","24,17378005","84,88790078"
-415,"0,1464","271,84","644,32","-1,96","0,06","2,24","0,01329468735","24,22418457","102,5629697"
-414,"0,3012","265,24","695,59",-2,"0,15","2,33","0,01358982706","24,25397099","120,3281555"
-413,"0,6413","274,51","656,41","-1,89","0,32","2,39","0,01400042876","24,26323733","137,9155831"
-412,"0,4962","279,27","710,35","-1,86","0,45","2,58","0,01424249558","24,25177998","155,6212745"
-411,"1,4633","283,43","696,77","-1,79","0,39","2,4","0,01453669798","24,22038898","173,1837913"
-410,"1,571","280,62","710,89","-1,58","0,52","2,81","0,01483621711","24,17008422","190,5819184"
-409,"2,1912","279,49","713,48","-1,44","0,57","2,66","0,01505612091","24,10210555","208,3206863"
-408,"2,4569","284,94","684,18","-1,74","0,54","3,05","0,0152789839","24,0180606","225,8538895"
-407,"2,9453","284,83","713,82","-1,78","0,34","2,66","0,01547981275","23,9199257","243,188831"
-406,"2,6066","279,83","706,38","-2,03","0,33","2,52","0,01566397641","23,80966428","261,0683359"
-405,"2,0244","280,45","662,95","-2,02","0,3","2,49","0,0157949314","23,68975679","278,4942796"
-404,"1,8778","276,4","666,8","-2,17","0,01","2,55","0,01589944727","23,56271834","296,1854892"
-403,"2,4039","275,85","646,59","-2,39","0,01","2,43","0,0160068661","23,43102195","313,9068656"
-402,"1,5792","283,1","642,93","-2,47","-0,17","2,03","0,01605923169","23,29774653","331,5737638"
-401,"0,9069","283,17","627,94","-3,12","-0,63","1,74","0,01603972314","23,16575925","349,5516688"
-400,"0,5621","279,27",607,"-3,21","-0,88","1,52","0,0160674522","23,03773976","7,209963064"
-399,"0,4529","276,75","593,71","-3,46","-1,08","1,24","0,0160025062","22,91657594","25,30668681"
-398,"-0,2109","275,92","606,93","-3,53","-1,21","0,97","0,01590608688","22,80494604","43,37220952"
-397,"-0,4363","271,5","593,04","-3,72","-1,43","0,92","0,01581021601","22,70479736","61,32445636"
-396,"-1,2977","267,07","595,02","-4,18","-1,87","0,54","0,01563308285","22,61826055","79,56845994"
-395,"-2,1474","262,65","587,55","-4,3",-2,"0,39","0,01549795386","22,54696115","97,85501497"
-394,"-2,4468","268,06","554,73","-4,68","-2,24","0,25","0,01521101072","22,49192897","116,0790047"
-393,"-3,4031","265,71","489,76","-5,51","-2,69","-0,35","0,01501301391","22,45407229","134,4253326"
-392,"-4,5722","265,21","488,76","-5,84","-3,11","-0,59","0,01474598319","22,43414882","152,9190344"
-391,"-4,7232","258,86","505,19","-5,81","-3,15","-0,56","0,01438329187","22,4320284","171,316805"
-390,"-5,9063","250,55","552,09","-6,12","-3,23","-0,66","0,01409028478","22,44797342","189,8347617"
-389,"-6,3696","252,66","468,68","-6,07","-3,36","-0,54","0,01371725726","22,48154745","208,2532041"
-388,"-5,3606","255,33","459,1","-6,46","-3,41","-0,83","0,01329930702","22,53210739","227,0679177"
-387,"-3,9371","257,41","564,51","-6,37","-3,61","-1,29","0,0128929648","22,59873789","245,4065642"
-386,"-4,3122","260,24","593,12","-6,76","-3,88","-1,4","0,01241430578","22,68024753","264,0686649"
-385,"-4,6873","261,61","558,77","-6,64","-3,97","-1,53","0,01194806704","22,77483989","282,8379794"
-384,"-5,9963","254,58","548,41","-6,5","-3,87","-1,73","0,01140325218","22,88084095","301,4759937"
-383,"-5,109","247,98","504,71","-6,66","-4,07","-1,7","0,01082454061","22,9961517","320,2360784"
-382,"-4,0121","246,24","599,94","-6,7","-4,27","-1,81","0,0103194012","23,11832662","339,2671309"
-381,"-4,9635","246,09","544,98","-6,74","-4,28","-2,09","0,009630265113","23,24507703","358,4052547"
-380,"-4,9465","240,73","518,62","-7,07","-4,44","-2,17","0,009048823593","23,37399813","17,7626674"
-379,"-5,8818","239,49","490,54","-7,13","-4,55","-2,18","0,00842494561","23,50232424","37,21318576"
-378,"-6,2716","239,18","461,47","-7,33","-4,59","-2,45","0,007765744256","23,62790107","57,60416733"
-377,"-6,6275","230,68","443,59","-7,4","-4,67","-2,45","0,007123678024","23,74841418","78,13759467"
-376,"-7,2364","227,38","431,87","-7,6","-4,88","-2,53","0,006493822793","23,86145468","99,03065895"
-375,"-7,717","228,04",426,"-7,96","-5,11","-2,7","0,005903714738","23,96500928","121,8643489"
-374,"-6,6778","228,7","445,88","-8,02","-5,33","-2,95","0,005334285438","24,0572706","144,932257"
-373,"-5,4389","229,37","523,41","-8,14","-5,35","-3,09","0,004816116601","24,13610981","170,1861679"
-372,"-6,3476","227,52","510,81","-8,08","-5,29","-2,81","0,004480094743","24,19989488","196,5077814"
-371,"-6,4271","224,06","494,58","-7,94","-5,25","-2,82","0,004219429048","24,24731032","225,0966617"
-370,"-6,876","218,04","516,57","-8,05","-5,41","-3,04","0,004155048319","24,27658483","254,4060579"
-369,"-7,7704","210,55","431,84","-8,61","-5,64","-2,92","0,004297704467","24,28689406","282,9891179"
-368,"-7,3861","201,24","426,37","-8,71","-5,76","-3,4","0,004591517696","24,27739484","311,3787657"
-367,"-7,5816","200,96","417,72","-8,75","-5,85","-3,43","0,005100121379","24,24749463","337,5357081"
-366,"-7,5642","202,26","430,41",-9,"-6,08","-3,56","0,005604140044","24,19737278","2,604680506"
-365,"-7,9704","203,81","420,02","-8,97","-6,17","-3,69","0,006289573724","24,12761206","25,44848009"
-364,"-7,2357","205,35","433,38","-9,06","-6,07","-3,55","0,007047118254","24,03888482","47,57839946"
-363,"-6,2743","205,49","483,14","-8,96","-6,03","-3,69","0,00776640962","23,93313291","69,16747438"
-362,"-7,51","203,39","457,3","-8,73","-5,84","-3,59","0,008606779606","23,81218041","89,20985191"
-361,"-7,9185","201,29","418,43","-8,45","-5,7","-3,46","0,009421275936","23,67830397","109,2463302"
-360,"-8,4346","194,64","447,36","-7,85","-5,43","-3,24","0,01031507406","23,53454825","128,888515"
-359,"-8,5484","187,78","417,68","-7,9","-5,46","-3,4","0,01116040497","23,38413057","147,9330117"
-358,"-8,9545","185,92","428,21","-8,02","-5,46","-3,16","0,01203125162","23,23013178","166,9017332"
-357,"-8,7624","186,08","430,78","-8,03","-5,51","-3,32","0,01298722233","23,07654311","185,6141386"
-356,"-8,8093","189,98","407,82","-8,02","-5,52","-3,43","0,01380213456","22,92703482","204,2366637"
-355,"-8,8303","194,62","403,92","-8,19","-5,59","-3,25","0,01472334746","22,78542505","222,7561416"
-354,"-7,6308","199,97","397,48","-8,24","-5,57","-3,41","0,01560147475","22,65576536","241,0004853"
-353,"-7,6022","205,32","401,92","-8,22","-5,55","-3,44","0,01646937422","22,54168919","259,5216082"
-352,"-7,7688","209,24","401,37","-8,19","-5,67","-3,48","0,0173268487","22,44664009","277,7755096"
-351,"-7,83","209,39","408,73","-8,15","-5,59","-3,21","0,0181613411","22,37393173","295,8752413"
-350,"-7,3302","214,48","395,08","-8,2","-5,5","-3,17","0,01902341659","22,32586154","314,2792518"
-349,"-6,6505","218,63",457,"-8,14","-5,45","-3,17","0,01983391736","22,30412052","332,2626289"
-348,"-8,5716",221,"411,3","-8,05","-5,39","-3,08","0,02059766146","22,3100607","350,4197411"
-347,"-8,4726","220,65","408,1","-8,14","-5,27","-2,93","0,02144535398","22,34331054","8,354664953"
-346,"-8,5226","220,31","389,69","-7,83","-5,23","-2,87","0,0221817692","22,40301035","26,35681329"
-345,"-8,5306","214,93","371,57","-7,98",-5,"-2,6","0,02290554603","22,48773163","44,17201226"
-344,"-8,674","209,18","373,55","-7,58","-4,73","-2,14","0,02369240006","22,59459369","61,86540549"
-343,"-9,0934","204,88","368,88","-7,29","-4,21","-1,93","0,02435912095","22,72036543","79,54423519"
-342,"-9,1481","205,15","390,14","-6,52","-3,63","-1,04","0,02508584465","22,86162963","97,07930886"
-341,"-8,8841","202,52","417,39","-6,31","-3,12","-0,37","0,02572726884","23,01380447","114,3918636"
-340,"-6,9862","220,15","451,84","-4,99","-2,44","-0,03","0,02639731254","23,17276041","131,722788"
-339,"-5,5898","247,62","460,26","-4,81","-2,06","0,71","0,02703886037","23,33412453","148,8818964"
-338,"-4,0751","239,28","457,85","-4,36","-1,8","0,54","0,02760579274","23,49322007","165,8865025"
-337,"-2,884","237,37","492,29","-3,59","-1,32","0,9","0,02821462092","23,64590575","182,8001303"
-336,"-1,135","241,67","527,2","-2,89","-0,79","1,34","0,02881110566","23,78834625","199,6359644"
-335,"1,3604","263,58","581,39","-2,5","-0,31","1,86","0,02926974569","23,91649189","216,3640507"
-334,"3,617","283,67","619,67","-2,12","0,11","2,31","0,02985791644","24,02748072","232,9405904"
-333,"3,19",295,"788,97","-1,85","0,31","2,6","0,03033323945","24,11856028","249,5191513"
-332,"1,0405","283,5","713,56","-1,78","0,39","2,52","0,03079466285","24,18734197","266,0395117"
-331,"-0,1694","272,79","636,74","-1,79","0,25","2,33","0,03125121113","24,23250199","282,432867"
-330,"0,8249","269,8","648,32","-1,88","0,24","2,48","0,03169144486","24,25318395","298,7861623"
-329,"0,4142","268,83","649,52","-2,1","0,14","2,45","0,03210937611","24,24880055","315,2976158"
-328,"0,7557","273,98","658,08","-1,92","0,19","2,4","0,0324773054","24,22010005","331,4987755"
-327,"0,601","270,18","643,33","-2,13","0,17","2,19","0,03286833015","24,16797614","347,9298201"
-326,"0,9472","264,98","633,68","-2,32","-0,02","2,2","0,0332414781","24,0940167","4,289848939"
-325,"-0,1837","266,11","617,06","-2,48","-0,28","1,83","0,03355434301","24,00071673","20,63092364"
-324,"-0,5421","260,43","573,24","-2,75","-0,5","1,64","0,03386744436","23,89070872","37,08616576"
-323,"-1,189","260,37","542,56","-3,04","-0,66","1,55","0,03421227369","23,76700434","53,45876924"
-322,"-2,1324","257,13","526,37","-3,58","-0,99","1,24","0,03444742577","23,63349369","70,01808953"
-321,"-3,0621","252,3","520,25","-3,71","-1,22","1,02","0,03473291043","23,49370913","86,52922572"
-320,"-3,8669","251,89",490,"-3,77","-1,44","0,71","0,03497906629","23,35151443","103,0505383"
-319,"-4,4147","244,13","478,74","-3,79","-1,61","0,53","0,03520248393","23,21114707","119,8059033"
-318,"-3,7169","241,4","478,49","-4,07","-1,72","0,39","0,03541522751","23,07620598","136,4368453"
-317,"-3,1888","250,81","467,43","-4,2","-1,79","0,17","0,03557862941","22,95051433","153,1422142"
-316,"-1,6395","264,38","622,38","-4,1","-1,83","0,15","0,03580584822","22,83766023","170,0350758"
-315,"-2,7125","255,16","608,84","-4,07","-1,95","0,15","0,03590548324","22,74063176","186,7917658"
-314,"-3,5866","255,69","555,95","-4,32","-2,08","-0,02","0,03604309296","22,66195653","203,6849755"
-313,"-4,1152","246,16","542,02","-4,69","-2,17","-0,05","0,03619144465","22,60385769","220,5634066"
-312,"-4,9591","239,47","515,73","-4,62","-2,24","-0,05","0,03625732033","22,56733544","237,4514504"
-311,"-5,2648","237,73","471,05","-4,63","-2,2","-0,21","0,03631765099","22,55316931","254,4085218"
-310,"-5,6403","231,69","460,69","-4,74","-2,37","-0,39","0,03640880687","22,56118858","271,1717621"
-309,"-5,3639","227,16","487,74","-4,87","-2,51","-0,49","0,03640985817","22,59032485","288,1604931"
-308,"-6,2908","226,61","469,76","-4,93","-2,62","-0,55","0,03643853427","22,63913857","304,9274266"
-307,"-7,46","235,72","480,04","-5,07","-2,74","-0,79","0,03641805949","22,70570965","321,6968959"
-306,"-5,2899","247,13","449,04","-5,25","-2,91","-0,89","0,03640017621","22,78722281","338,4599678"
-305,"-4,9789","249,99","497,35","-5,51","-3,22","-1,25","0,03637827952","22,88111007","355,1463234"
-304,"-5,3436","240,58","485,13","-5,64","-3,29","-1,46","0,0362405531","22,98431753","11,71541279"
-303,"-6,0412","239,2","463,04","-5,78","-3,56","-1,56","0,036233435","23,09377656","28,27240035"
-302,"-7,0409","236,96",453,"-6,11","-3,66","-1,83","0,03608944331","23,2064729","44,75717394"
-301,"-6,5516","237,75","469,01","-6,05","-3,8","-1,94","0,03593126988","23,3195551","61,15323356"
-300,"-5,891","233,27","511,01","-6,08","-3,84","-1,96","0,03582822832","23,43002817","77,43013663"
-299,"-6,5405","226,34","518,46","-6,27","-3,96","-2,02","0,0356198314","23,53549386","93,72999701"
-298,"-7,7158","217,8","472,5","-6,29","-4,12","-2,28","0,03539533223","23,63343284","109,9131362"
-297,"-7,0306","215,25","491,64","-6,63","-4,27","-2,34","0,03519340742","23,72182641","125,9987674"
-296,"-5,3873","213,24","576,99","-6,65","-4,39","-2,3","0,03489118464","23,79904349","142,0808315"
-295,"-7,6565","212,83","516,77","-6,75","-4,49","-2,51","0,03464468017","23,86359127","158,1351149"
-294,"-6,9075","208,38","514,58","-6,77","-4,45","-2,43","0,03426903508","23,9144583","174,0534725"
-293,"-6,6624","206,14","455,72","-6,41","-4,12","-2,07","0,03395658564","23,95106905","189,9871711"
-292,"-5,9498","211,31","448,81","-6,31","-3,8","-1,8","0,03358254766","23,97306011","205,9299209"
-291,"-5,1035",219,"469,11","-5,95","-3,6","-1,51","0,03315037566","23,98042554","221,727497"
-290,"-3,938","234,59","536,19","-5,6","-3,37","-1,13","0,03273059589","23,9734894","237,6138968"
-289,"-5,122","232,56","531,07","-5,31",-3,-1,"0,03230038723","23,95267433","253,3345482"
-288,"-4,6082","230,8","518,05","-4,93","-2,61","-0,72","0,03177457713","23,9186622","269,2142564"
-287,"-5,1876","231,2","513,56",-5,"-2,52","-0,63","0,03128007535","23,87227281","284,8751186"
-286,"-5,4027","226,67","491,47","-4,85","-2,59","-0,71","0,0307710276","23,81447334","300,5768499"
-285,"-5,7673","228,79","461,15","-5,12","-2,83","-0,56","0,03019063901","23,74620475","316,383566"
-284,"-6,0835","230,86","507,38","-5,67","-3,16","-1,1","0,02963710755","23,66880651","331,9335892"
-283,"-6,2909","228,36","458,42","-5,97","-3,63","-1,67","0,02904277458","23,58334598","347,5424143"
-282,"-6,7574","224,61","464,58","-6,26","-3,99","-1,92","0,02847596334","23,49137228","3,236066571"
-281,"-6,8091","219,42","458,34","-6,46","-4,21","-2,13","0,02783359649","23,39429576","18,64932427"
-280,"-7,0209","214,08","458,1","-6,53","-4,41","-2,39","0,02723340563","23,29390277","34,16568001"
-279,"-8,0656","208,86","429,34","-6,79","-4,52","-2,49","0,02665793434","23,19191685","49,58246709"
-278,"-8,044","203,69","454,21","-7,01","-4,55","-2,57","0,02600337924","23,09053422","64,85813579"
-277,"-9,0034","199,06","455,55","-6,93","-4,58","-2,69","0,02540703647","22,99168998","80,16746155"
-276,"-8,0671","194,94","488,87","-7,21","-4,79","-2,71","0,024845374","22,89762988","95,14376677"
-275,"-8,6547","196,94","470,11","-7,45","-5,04","-3,11","0,02423398652","22,8105558","110,2860944"
-274,"-9,101","194,04","466,56","-7,56","-5,19","-3,18","0,0236661442","22,73257052","125,1012105"
-273,"-9,3143","192,81","460,64","-7,7","-5,2","-3,27","0,02316311111","22,66560296","139,7187942"
-272,"-9,3065","188,72","451,18","-7,76","-5,3","-3,2","0,0226170418","22,61151075","154,4526706"
-271,"-9,5396","188,19","453,76","-7,77","-5,31","-3,36","0,02218399193","22,57175598","168,7604565"
-270,"-8,8847","197,84","453,56","-7,49","-5,07","-3,14","0,02171179411","22,54763329","182,9940266"
-269,"-8,8795","193,09","433,47","-7,46","-5,1","-3,32","0,0213980391","22,54023542","197,1671306"
-268,"-8,3419","187,57","421,67","-7,52","-5,1","-3,16","0,02105006094","22,55027989","211,102505"
-267,"-7,87","197,81","418,65","-7,56","-5,17","-3,12","0,02079750979","22,57822855","224,842719"
-266,"-7,8012","205,98","419,63","-7,78","-5,31","-3,2","0,02068870752","22,62433928","238,6653293"
-265,"-7,4255",216,"414,83","-7,53","-5,14","-3,11","0,0205620979","22,68835602","252,1693577"
-264,"-6,5496","223,75","415,24","-7,66","-5,08","-3,1","0,02056304736","22,76955254","265,8146828"
-263,"-7,6383","215,2","499,39","-7,27","-4,81","-2,91","0,02070294745","22,867068","279,2150486"
-262,"-7,8583","208,65","447,95","-6,99","-4,57","-2,72","0,02085061154","22,97909457","292,7751069"
-261,"-7,1203","205,93","453,75","-7,05","-4,71","-2,81","0,0211319392","23,10352963","306,3350154"
-260,"-7,6987","208,41","452,08","-7,17","-4,81","-2,68","0,02150118336","23,23789627","319,7861498"
-259,"-7,2608","205,04","477,46","-7,34","-4,81","-2,88","0,02194577127","23,37901149","333,4899427"
-258,"-7,0256","203,94","480,04","-7,46","-5,01","-3,06","0,02246710281","23,52338295","347,2802221"
-257,"-7,2154","203,73","479,56","-7,37",-5,"-2,96","0,02304379758","23,66778043","0,8894500016"
-256,"-7,8699","200,8","450,75","-7,51","-5,01","-3,12","0,02373418446","23,80814965","15,00942006"
-255,"-7,5346","198,04","426,47","-7,62","-5,02","-3,11","0,02443714924","23,94094249","28,96419156"
-254,"-7,4934","196,1","425,8","-7,38","-5,11","-2,99","0,02518621762","24,06287202","43,09503016"
-253,"-8,0673","196,32","400,43","-7,32","-4,99","-2,92","0,02603822594","24,17045205","57,39232032"
-252,"-8,4471","195,6","397,22","-7,71","-5,02","-2,85","0,02689454312","24,26066285","71,781347"
-251,"-7,4603","213,82","421,41","-7,58","-5,12","-2,97","0,02773452768","24,33135268","86,25375645"
-250,"-7,614","200,99","411,69","-7,67","-5,05","-2,9","0,02871700663","24,37989205","100,8531315"
-249,"-6,4391","206,9","439,65","-7,61","-4,84","-2,73","0,02960721204","24,40483839","115,566358"
-248,"-5,6695","212,81","536,78","-7,15","-4,65","-2,37","0,03055935537","24,4049949","130,4375212"
-247,"-6,8257","216,13","530,71","-7,09","-4,35","-2,13","0,03151649295","24,37941715","145,3055301"
-246,"-4,731","218,23","479,13","-6,29","-3,85","-1,75","0,03247354722","24,32815393","160,3931116"
-245,"-3,0146","227,81","507,91","-5,94","-3,37","-1,16","0,03341159147","24,2517288","175,6312806"
-244,"-0,3739","246,03","536,65","-5,39","-2,92","-0,56","0,03435753246","24,1508327","190,8545037"
-243,"1,6158","265,32","541,27","-5,11","-2,53","-0,44","0,03527650448","24,02747242","206,3463101"
-242,"1,9868","278,83","690,67","-4,48","-2,22","-0,11","0,03622967784","23,88401478","221,926872"
-241,"-0,1917","260,16","622,45","-4,43","-1,95","0,19","0,03708543345","23,72307476","237,6383272"
-240,"-1,304","252,99","593,45","-4,02","-1,71","0,38","0,03798219861","23,54858237","253,4698399"
-239,"-1,6506","245,79","562,09","-3,66","-1,4","0,83","0,03889370712","23,36467983","269,497335"
-238,"-2,0076","240,34","556,55","-3,41","-1,19","1,06","0,0396535793","23,17572624","285,6333559"
-237,"-2,8438","245,36","553,24","-3,24","-1,08","1,05","0,040533949","22,98705501","301,8820854"
-236,"-3,0229","243,32","496,07","-3,22","-1,07","0,98","0,04131366618","22,80385093","318,2918089"
-235,"-3,6262","247,1","493,53","-3,5","-1,32","0,72","0,04204867189","22,63108244","334,8552417"
-234,"-4,6871","244,42","428,17","-3,79","-1,59","0,55","0,04280799112","22,47444864","351,4909101"
-233,"-5,8702","243,46","421,72","-3,98","-1,78","-0,07","0,0434840376","22,33846695","8,197150226"
-232,"-5,9752","242,5","431,14","-4,31","-2,13","-0,16","0,04418323868","22,22734365","25,14402841"
-231,"-7,4222","240,81","421,72","-4,73","-2,46","-0,65","0,04479010358","22,1451036","41,97929117"
-230,"-6,5928","233,27","486,95","-5,19","-2,97","-1,02","0,04538519246","22,09421004","58,96439506"
-229,"-7,8565","230,37","471,36","-5,43","-3,09","-1,18","0,04599557468","22,07617492","75,97859072"
-228,"-7,7299","225,57","499,11","-5,43","-3,3","-1,29","0,04648061416","22,09228008","92,96057768"
-227,"-6,1854","233,22","520,25","-5,48","-3,31","-1,26","0,04695398298","22,14150056","109,9615241"
-226,"-5,6913","235,39","549,55","-5,49","-3,28","-1,28","0,04747558963","22,22241496","126,8786078"
-225,"-7,4712","217,25","519,98","-5,45","-3,11","-1,23","0,04779527408","22,33270166","143,8276738"
-224,"-8,5768","203,58","496,03","-5,08","-2,77","-0,88","0,04821314492","22,4684087","160,6558714"
-223,"-8,5443","204,6","531,62","-4,6","-2,39","-0,44","0,04852519531","22,62534421","177,3650232"
-222,"-7,1484","205,67","505,19","-3,89","-1,81",0,"0,04881909582","22,79901004","194,112813"
-221,"-6,9313","208,15","488,46","-3,56","-1,47","0,48","0,04906734916","22,9837194","210,6661731"
-220,"-5,8046","207,65","490,67","-3,07","-1,06","0,87","0,0492749302","23,17438142","227,1100935"
-219,"-4,9299","215,79","472,88","-2,94","-0,84","1,05","0,04948815162","23,36594569","243,5747763"
-218,"-4,9884","218,84","457,07","-2,6","-0,62","1,25","0,04962160211","23,55301354","259,797004"
-217,"-4,0852","231,98","451,08","-2,32","-0,54","1,49","0,04972106479","23,73112883","276,0403719"
-216,"-2,442","242,24","461,01","-2,46","-0,52","1,25","0,04986391644","23,89640674","292,1223457"
-215,"-1,1622","249,07","564,27","-2,55","-0,6","1,3","0,04988861724","24,04470477","308,1720257"
-214,"-2,2915","247,64","589,09","-2,81","-0,82","0,91","0,04991956652","24,17330193","324,1555986"
-213,"-2,1067","240,84","576,84","-2,76","-0,95","0,88","0,04995201505","24,2797979","340,0210148"
-212,"-1,8418","249,58","579,59","-2,96","-0,96","0,75","0,04992722965","24,36197606","355,8992562"
-211,"-1,1112","244,8","582,01","-3,06","-1,11","0,8","0,04988770494","24,41883814","11,75535989"
-210,"-1,5288","249,22","562,95","-3,2","-1,21","0,64","0,04980769559","24,44981903","27,4533263"
-209,"-1,6655","251,94","524,7","-3,33","-1,27","0,66","0,04975438838","24,45459539","43,29538128"
-208,"-2,3712","244,3","508,15","-3,2","-1,35","0,52","0,0496172547","24,43394352","59,03730258"
-207,"-2,9335","236,44","503,25","-3,49","-1,42","0,4","0,04947470553","24,38899348","74,78601048"
-206,"-3,442","237,88","501,22","-3,39","-1,47","0,43","0,0493331617","24,32101824","90,57913211"
-205,"-3,3569","229,81","488,47","-3,39","-1,41","0,5","0,04918111125","24,23251411","106,3862654"
-204,"-4,896","228,02","481,64","-3,49","-1,41","0,54","0,04891998019","24,12575938","122,2300561"
-203,"-4,8815","231,99","459,19","-3,41","-1,49","0,3","0,04877604509","24,00350878","138,0762238"
-202,"-3,4246","245,46","490,26","-3,59","-1,67","0,28","0,04852827532","23,86913482","154,0251484"
-201,"-1,9787","246,49","534,22","-3,72","-1,82","0,05","0,04826214067","23,72582229","169,9911859"
-200,"-2,2476","239,66","569,69","-3,78","-1,7","0,09","0,04804217038","23,5768091","186,0052165"
-199,"-2,2048","250,55","659,17","-3,91","-1,89",0,"0,04775008355","23,42598076","202,0561175"
-198,"-2,7097","248,01","596,49","-3,72","-1,93","-0,09","0,04749334041","23,27651796","218,234742"
-197,"-3,8568","245,04","583,24","-4,21","-2,06","-0,18","0,04716980753","23,13174438","234,3622912"
-196,"-4,5177","242,1","545,08","-4,4","-2,36","-0,46","0,04687672514","22,99488594","250,5803169"
-195,"-5,314","226,33","525,3","-4,92","-2,82","-0,99","0,04659197669","22,86880017","266,8970814"
-194,"-7,0967","222,16","474,32","-5,15","-3,08","-1,35","0,04621373168","22,75576098","283,1405094"
-193,"-5,5765","225,48","497,75","-5,19","-2,89","-1,02","0,04589294107","22,65818006","299,4990761"
-192,"-4,9821","223,48","508,79","-5,31","-3,17","-1,14","0,04558550993","22,5775605","315,8218503"
-191,"-7,0771","220,15","470,91","-5,61","-3,25","-1,26","0,04515915598","22,51510959","332,2090789"
-190,"-6,6525","218,63","455,04","-5,7","-3,41","-1,44","0,04482020046","22,47170388","348,5432397"
-189,"-5,5163","221,62","423,09","-5,68","-3,5","-1,64","0,04444611631","22,44757984","4,876229077"
-188,"-4,0583","231,37","457,49","-5,82","-3,73","-1,82","0,04400735327","22,44254686","21,24716525"
-187,"-6,63","231,32","438,57","-6,23","-4,04","-2,07","0,04363239847","22,45620912","37,53093723"
-186,"-7,8466","224,16","450,73","-6,66","-4,33","-2,49","0,04314818632","22,48769117","53,75947205"
-185,"-8,2343","213,93","472,42","-7,04","-4,54","-2,61","0,04275877165","22,53566763","70,08422521"
-184,"-8,5335","208,81","521,61",-7,"-4,64","-2,56","0,04224387511","22,59891422","86,21297693"
-183,"-8,8028","206,04","530,21","-7,08","-4,7","-2,64","0,0417649985","22,67563406","102,3702975"
-182,"-9,2358","203,31","515,68","-7,19","-4,64","-2,5","0,04131594368","22,76401331","118,4985401"
-181,"-8,4223","201,44","495,86","-7,07","-4,53","-2,34","0,04077887223","22,86220092","134,5055428"
-180,"-8,6618","199,59",477,"-7,17","-4,49","-2,23","0,04024641288","22,9682336","150,5358852"
-179,"-7,7347","200,54","479,18","-7,32","-4,46","-2,29","0,03979523902","23,07992263","166,3658586"
-178,"-5,9815","216,93","520,25","-7,18","-4,43","-2,27","0,03921733738","23,19537257","182,2906819"
-177,"-6,3251","212,78","548,7","-7,16","-4,46","-2,3","0,0387021631","23,31233533","198,0283431"
-176,"-8,5866","209,78","497,61","-7,19","-4,56","-2,37","0,03817427054","23,42871355","213,6338234"
-175,"-8,339","204,88","468,83","-7,27","-4,7","-2,51","0,03763543473","23,54237381","229,330896"
-174,"-8,0253","195,68","446,91","-7,12","-4,79","-2,84","0,03707887386","23,65126276","244,794733"
-173,"-8,2477","189,57","451,49","-7,14","-4,72","-2,8","0,03652633343","23,75305279","260,1519593"
-172,"-5,8473","192,58","451,66","-7,06","-4,7","-2,84","0,03598675421","23,84596549","275,5850231"
-171,"-8,5244","196,32","482,39","-6,93","-4,71","-2,81","0,03543180923","23,92791227","290,724787"
-170,"-7,6587","197,24","446,4","-7,12","-4,67","-2,85","0,03484080443","23,99721596","305,9242889"
-169,"-6,535","197,72","477,94","-7,01","-4,82","-2,89","0,03432870121","24,05240529","320,9181196"
-168,"-6,7185","197,76","495,98","-7,25","-4,88","-2,99","0,03376063667","24,09228618","335,9153876"
-167,"-7,504","197,72","481,55","-7,32","-4,97","-2,96","0,03317357798","24,11570538","350,7704861"
-166,"-8,0044","197,28","440,4","-7,42","-4,96","-3,08","0,03268493434","24,12223067","5,518351885"
-165,"-8,7823","196,85","414,12","-7,28","-4,98","-3,02","0,03210496879","24,11131849","20,23167985"
-164,"-9,144","189,02","392,59","-7,43","-4,96","-3,02","0,03160270959","24,08282751","34,89944609"
-163,"-6,8883","186,8","412,78","-7,14","-4,92","-3,11","0,03107567167","24,037083","49,35329326"
-162,"-6,5622","190,72","424,47","-7,21",-5,"-3,09","0,03060748383","23,97451591","63,87700957"
-161,"-8,1918","193,52","417,48","-7,41","-5,07","-3,3","0,03013615705","23,89585417","78,36383995"
-160,"-7,4707","196,34","414,88","-7,27","-5,09","-3,23","0,02967728069","23,802549","92,6215878"
-159,"-6,4722","201,78","439,86","-7,45","-5,12","-3,19","0,02929606005","23,69601459","107,0425585"
-158,"-9,0187","197,3","409,98","-7,52","-5,2","-3,28","0,0289341716","23,57817556","121,3583826"
-157,"-8,8164","192,82","414,63","-7,57","-5,27","-3,32","0,02856968895","23,45170097","135,6332242"
-156,"-9,5744","188,34","401,13","-7,62","-5,12","-3,18","0,02832554909","23,31918184","149,9580831"
-155,"-9,087","187,01","385,32","-7,75","-5,13","-2,99","0,02810890483","23,18396028","164,2808856"
-154,"-9,0663","190,82","401,56","-7,87","-5,21","-3,13","0,02788941647","23,04953241","178,6591894"
-153,"-7,88","194,62","408,68","-8,04","-5,34","-3,1","0,02783038649","22,91960313","193,035331"
-152,"-7,8374","198,41","423,76","-8,19","-5,24","-3,07","0,02776089104","22,79807206","207,4511521"
-151,"-7,7054","197,31","421,05","-8,26","-5,28","-2,98","0,02777889315","22,68895535","222,0523609"
-150,"-6,9901","189,52","413,51","-8,26","-5,45","-3,09","0,02784656594","22,5955356","236,5591494"
-149,"-8,2192","201,07","431,44","-8,36","-5,54","-3,22","0,02800412883","22,52140893","251,1601084"
-148,"-7,345","201,54","467,89","-8,56","-5,82","-3,71","0,02819623556","22,4692854","266,0445941"
-147,"-7,7526","199,78","420,14","-8,53","-5,79","-3,62","0,02843932917","22,44104856","280,6616471"
-146,"-7,934","198,02","401,49","-8,41","-5,71","-3,57","0,02875748044","22,43811125","295,632065"
-145,"-8,3241","196,19","379,7","-8,19","-5,58","-3,58","0,02914334409","22,46108269","310,5626503"
-144,"-8,8995","194,22",401,"-7,9","-5,48","-3,49","0,02951634141","22,50917852","325,5510333"
-143,"-8,6138","192,25","380,15","-7,67","-5,34","-3,53","0,02997436183","22,58153338","340,6066836"
-142,"-7,8604","190,72","365,26","-7,53","-5,24","-3,43","0,03052416605","22,67598983","355,7188281"
-141,"-9,1591","196,18","348,06","-7,5","-5,25","-3,45","0,03097595797","22,78974406","10,86505936"
-140,"-8,625","196,23","357,15","-7,37","-5,19","-3,45","0,03158191952","22,91980009","26,05449438"
-139,"-9,0498","191,77","383,64","-7,4","-5,13","-3,29","0,03215920722","23,06234206","41,19140751"
-138,"-8,0685","193,85","398,15","-7,28",-5,"-3,19","0,03273549774","23,21305695","56,50539781"
-137,"-8,5602","197,42","380,4","-7,1","-4,83","-2,97","0,03336907627","23,36809412","71,70263072"
-136,"-6,8517","200,79","391,35","-6,67","-4,55","-2,79","0,03397087039","23,52271574","86,94553491"
-135,"-7,7327","203,44","410,62","-6,31","-4,1","-2,46","0,03461751219","23,67246374","102,2994614"
-134,"-5,1162","209,2","428,32","-5,74","-3,53","-1,61","0,03524741294","23,81338734","117,5790119"
-133,"-4,3486","223,85","456,24","-5,13","-2,91","-1,09","0,0358263593","23,94117101","132,8777586"
-132,"-2,6198","226,98","457,56","-4,76","-2,33","-0,42","0,0365569813","24,05217905","148,28561"
-131,"0,4569","247,89","490,15","-4,15","-1,74","0,13","0,03708181188","24,14350973","163,6436877"
-130,"2,8404","256,68","512,16","-3,18","-0,94","1,01","0,03771681324","24,21224653","179,0596077"
-129,"3,5581","273,75","535,9","-2,64","-0,3","1,64","0,03834814711","24,25654017","194,5050357"
-128,"3,7662","275,26","709,45","-2,11","0,27","2,18","0,0388824268","24,27527219","210,021054"
-127,"2,5594","262,55","646,69","-1,48","0,75","2,68","0,03944562084","24,26750718","225,6115349"
-126,"1,0952","274,99","652,43","-1,03","1,18","2,98","0,0399994353","24,23357828","241,1367481"
-125,"1,1269","275,98","640,42","-0,49","1,49","3,32","0,0404894241","24,17434056","256,9383688"
-124,"1,6251","270,13","614,07","0,06","1,78","3,5","0,04098579008","24,09101174","272,6525337"
-123,"2,0918","275,99",607,"0,43","1,99","3,6","0,04140988351","23,98580362","288,4816327"
-122,"1,3468","273,53","608,5","0,5","1,98","3,56","0,04186230645","23,86161393","304,4662856"
-121,"1,8805","277,27","599,23","0,36","1,85","3,32","0,0422427279","23,72125652","320,4826281"
-120,"0,4822","268,8","572,93","0,18","1,54","2,96","0,04254651484","23,56890012","336,5945427"
-119,"1,4235","273,08","580,6","-0,31","1,1","2,54","0,04291896737","23,40863378","352,8364383"
-118,"1,3389","269,3","545,49","-0,79","0,67","2,24","0,04314902744","23,24476413","9,164801396"
-117,"-0,9771","264,54","537,13","-1,26","0,28","1,71","0,04337113079","23,08223171","25,61555177"
-116,"-2,0575","266,38","496,68","-1,59","-0,12","1,2","0,0435784778","22,92573933","42,11165397"
-115,"-2,3969","273,5","472,01","-1,99","-0,48","0,87","0,04372171058","22,77955486","58,75000745"
-114,"-2,8433","261,96","471,4","-2,36","-0,77","0,56","0,04381303419","22,6484792","75,51006074"
-113,"-4,0946","264,5","465,03","-2,74","-1,12","0,33","0,04387714159","22,53614882","92,20071153"
-112,"-5,3902","257,65","455,95","-3,09","-1,52","-0,14","0,04392082871","22,44576207","109,1172354"
-111,"-5,4112","254,4","494,73","-3,6","-1,93","-0,47","0,04388432645","22,38027418","126,0043976"
-110,"-4,7692","251,72","502,06","-3,93","-2,23","-0,75","0,04383909452","22,34124033","142,8834102"
-109,"-7,623","248,47","506,58","-3,85","-2,22","-0,77","0,04372893545","22,32947903","159,8531241"
-108,"-6,4438","243,63","469,45","-3,76","-2,15","-0,7","0,04364703205","22,34546597","176,7594684"
-107,"-4,7083","235,94","464,37","-3,66","-2,06","-0,68","0,04341577984","22,38802771","193,6879793"
-106,"-4,7544","232,02","600,83","-3,59","-1,94","-0,56","0,04324941664","22,45554059","210,5292351"
-105,"-4,5683","234,9","596,66","-3,56","-1,82","-0,47","0,04303085173","22,54588177","227,3585076"
-104,"-5,6881","231,9","568,41","-3,35","-1,75","-0,36","0,04272264087","22,65587724","244,1388414"
-103,"-5,9191","230,48",484,"-3,36","-1,6","-0,27","0,0424519848","22,78208822","260,8054555"
-102,"-4,8816","235,61","492,33","-3,27","-1,56","-0,19","0,04212270565","22,92088925","277,357233"
-101,"-5,1476","231,89","543,63","-3,3","-1,5","-0,04","0,04176883084","23,06822964","293,9856852"
-100,"-4,4597","226,56",530,"-3,34","-1,55","-0,1","0,04137760136","23,22008655","310,3071123"
-99,"-4,3958","226,76",526,"-3,36","-1,61","-0,09","0,04096479262","23,37269469","326,6640791"
-98,"-4,6628","227,89","508,22","-3,48","-1,72","-0,24","0,04056261316","23,52200867","342,954648"
-97,"-5,494","229,01","494,28","-3,61","-1,89","-0,45","0,04006000254","23,66467867","359,0701467"
-96,"-5,3597","230,14","484,24","-3,8","-2,07","-0,68","0,03958464148","23,79755977","15,16679509"
-95,"-3,8504","231,27","441,05","-3,91","-2,24","-0,84","0,03914251041","23,91764166","31,19786824"
-94,"-4,5607","231,58","438,59","-4,09","-2,42","-0,96","0,03855310817","24,02266716","47,13061069"
-93,"-5,926","230,39","438,4","-4,21","-2,6","-1,17","0,03808712832","24,11089225","63,04638928"
-92,"-5,3122","229,2","439,37","-4,38","-2,68","-1,27","0,0375394624","24,18050171","78,79324527"
-91,"-5,6762","227,16","436,31","-4,43","-2,77","-1,37","0,03699754978","24,23078833","94,65182003"
-90,"-4,7423","221,83","448,85","-4,52","-2,82","-1,49","0,03644780967","24,26116442","110,346149"
-89,"-6,311","215,19",494,"-4,55","-2,82","-1,42","0,0358754424","24,27138891","125,9658332"
-88,"-5,8185","208,55","503,98","-4,65","-2,89","-1,37","0,0353196326","24,26173395","141,7102021"
-87,"-5,7898","212,75","446,03","-4,57","-2,85","-1,44","0,03474344262","24,23291221","157,2743788"
-86,"-4,7282","216,56","433,86","-4,39","-2,72","-1,33","0,03410631008","24,18546426","172,8945184"
-85,"-4,3249","214,47","444,79","-4,31","-2,56","-1,17","0,03359751657","24,12089498","188,493611"
-84,"-3,6086","228,2","464,89","-4,05","-2,39","-1,04","0,03293788634","24,04050047","204,1128124"
-83,"-3,0527","238,11","630,33","-4,12","-2,34","-0,91","0,03234670264","23,94584338","219,6946379"
-82,"-4,319","238,74","606,82",-4,"-2,34","-0,99","0,03179994636","23,8389628","235,2794777"
-81,"-5,3512","233,08","574,01","-3,95","-2,31","-0,95","0,03115824114","23,72193647","250,9174093"
-80,"-4,9875","228,58","547,66","-4,06","-2,36",-1,"0,03058106631","23,59683958","266,5896472"
-79,"-6,5341","224,79","513,13","-4,05","-2,47","-1,01","0,02998667766","23,46621262","282,1138784"
-78,"-5,993","220,89","469,08","-4,21","-2,61","-1,29","0,02940409138","23,33252029","297,8909262"
-77,"-6,042","217,56","465,54","-4,4","-2,79","-1,42","0,0288046811","23,19802857","313,5813022"
-76,"-6,7939","220,62","426,58","-4,62","-2,97","-1,59","0,02820949831","23,06545865","329,2218767"
-75,"-6,3361","223,68","415,55","-4,98","-3,3","-1,88","0,02764603434","22,93727112","345,0786018"
-74,"-5,525","226,74","468,3","-5,46","-3,7","-2,24","0,02707834961","22,81579813","0,8170182653"
-73,"-6,8093","228,91","450,15","-5,9","-4,01","-2,56","0,02647004348","22,70351579","16,67121463"
-72,"-7,0563","228,09","440,57","-6,12","-4,31","-2,8","0,02595171402","22,60284181","32,46796187"
-71,"-6,3849","226,99","462,94","-6,56","-4,61","-3,11","0,02540805302","22,51573704","48,37546835"
-70,"-7,4981","220,65","485,21","-7,14","-5,03","-3,42","0,0248079265","22,44446831","64,27898478"
-69,"-8,972","214,31","460,12","-7,52","-5,34","-3,62","0,02434509162","22,39072681","80,09280613"
-68,"-8,6814","207,97","454,43","-7,67","-5,59","-3,87","0,02379018969","22,3559962","96,01068827"
-67,"-9,3152","201,63","454,77","-8,07","-5,82","-4,09","0,02327956078","22,34146315","111,9389993"
-66,"-9,5445","195,29","447,82","-8,18","-5,99","-4,22","0,0227768416","22,34797789","127,6618621"
-65,"-7,72","191,61","460,77","-8,37","-6,12","-4,32","0,02229379513","22,37547887","143,4997136"
-64,"-7,6716","193,16","437,74","-8,35","-6,06","-4,29","0,02179316349","22,42406388","159,3173517"
-63,"-9,829","195,04","455,31","-8,17","-6,01","-4,21","0,02131114776","22,49288583","174,8217834"
-62,"-8,606","197,79","437,42","-8,06","-5,89","-4,14","0,0208222635","22,58061654","190,5301346"
-61,"-7,6069","200,7","433,26","-7,94","-5,8","-4,02","0,02038861216","22,68574805","205,9326501"
-60,"-6,5996","203,6","430,53","-7,68","-5,65","-3,91","0,01986341171","22,80624152","221,3265137"
-59,"-5,7595","206,5","445,72","-7,43","-5,46","-3,69","0,01941667017","22,93938243","236,5424988"
-58,"-5,9833","209,4","560,7","-7,26","-5,21","-3,59","0,01898250419","23,08261129","251,6302715"
-57,"-6,2655","221,11","549,44","-6,89","-5,08","-3,45","0,0184691656","23,23291407","266,6505405"
-56,"-7,8198","214,46","506,89","-6,93","-4,92","-3,33","0,01804379777","23,38685388","281,4617087"
-55,"-6,2439","207,81","501,28","-6,82","-4,88","-3,28","0,0176054846","23,54130007","296,007508"
-54,"-6,6116","201,16","437,44","-6,63","-4,8","-3,21","0,01715601193","23,69297172","310,7901353"
-53,"-5,4866","194,51","530,26","-6,7","-4,8","-3,27","0,01673939325","23,83823954","324,932419"
-52,"-5,0445","196,02","529,03","-6,74","-4,83","-3,32","0,01633035381","23,97409321","339,1626244"
-51,"-6,8731","210,74","511,77","-6,78","-4,95","-3,5","0,0159614181","24,09746136","353,3594652"
-50,"-7,5271","211,88","483,99","-6,84","-5,11","-3,58","0,01557127969","24,20522299","7,123111685"
-49,"-7,6454","192,19","461,58","-7,14","-5,21","-3,68","0,0152168289","24,29499488","20,84993673"
-48,"-8,0111","188,91","444,53","-7,17","-5,3","-3,73","0,01495811462","24,36437059","34,64632362"
-47,"-6,2889","191,03","439,52","-7,16","-5,3","-3,79","0,01460015175","24,41134208","47,95068498"
-46,"-6,184","196,2","498,27","-7,08","-5,28","-3,73","0,01438542972","24,43463228","61,51062439"
-45,"-7,7051","201,36","463,26","-7,23","-5,35","-3,71","0,01418177395","24,43318935","74,7172725"
-44,"-8,6636","206,52","420,16","-7,4","-5,43","-3,83","0,01398676863","24,40639821","88,07632781"
-43,"-7,1361","209,1","482,21","-7,6","-5,63","-3,95","0,01384268015","24,35488044","101,3373378"
-42,"-8,7792","209,1","422,83","-7,77","-5,73","-4,05","0,01379270706","24,2790337","114,3442366"
-41,"-7,8841","209,1","427,05","-7,75","-5,8","-4,12","0,01370571799","24,18027816","127,8929465"
-40,"-7,4216","209,1","423,82","-7,74","-5,81","-4,15","0,01371940247","24,06077817","141,0446082"
-39,"-7,3132","209,1","442,26","-7,85","-5,75","-4,11","0,01373519859","23,92280393","154,3502836"
-38,"-7,5434","209,1","512,68","-7,72","-5,72","-4,01","0,01382407172","23,76932118","168,04714"
-37,"-6,687","208,37","538,58","-7,64","-5,62","-3,95","0,01392931289","23,60415378","181,6387612"
-36,"-8,0785","206,83",440,"-7,57","-5,59","-3,96","0,01403936019","23,43069355","195,3749219"
-35,"-7,3652","205,28","513,47","-7,61","-5,58","-3,92","0,01427064319","23,25343745","209,5760093"
-34,"-9,52","202,55","419,76","-7,5","-5,56","-3,92","0,01442406728","23,07692793","223,7240927"
-33,"-8,4425","199,82","425,7","-7,53","-5,58","-3,92","0,01465169279","22,90545348","238,1993111"
-32,"-7,2014","197,1","450,66","-7,67","-5,63","-4,01","0,01494231992","22,74386411","252,8900633"
-31,"-8,8667","194,37","393,39","-7,79","-5,74","-3,98","0,01517498846","22,59693045","267,7896437"
-30,"-8,9588","191,63","398,17","-7,92","-5,83","-3,99","0,01544954351","22,4684083","283,0173652"
-29,"-8,6843","188,56","403,58","-7,99","-5,92","-4,15","0,01577846478","22,36238938","298,1325483"
-28,"-10,13","189,57","389,37","-7,96","-5,89","-4,12","0,01604546956","22,28224067","313,8344292"
-27,"-9,7359","190,58","386,47","-8,11","-5,94","-4,08","0,01636551893","22,22989641","329,5174007"
-26,"-10,195","191,59","364,5","-8,05","-5,97","-4,06","0,01665184411","22,20721301","345,258859"
-25,"-9,9029","190,85","371,64","-8,23","-6,12","-4,26","0,01696684805","22,21479343","1,302419044"
-24,"-10,253","190,09","384,86","-8,36","-6,23","-4,38","0,01727896594","22,25184167","17,51436761"
-23,"-8,6322","189,33","387,23","-8,51","-6,25","-4,4","0,01750678361","22,3172937","33,50339289"
-22,"-9,4556","184,52","355,99","-8,43","-6,28","-4,43","0,01786813742","22,4088509","49,91994781"
-21,"-9,5177","186,52","363,08","-8,57","-6,26","-4,4","0,01809455335","22,5230167","66,19566042"
-20,"-9,2399","188,01","374,23","-8,41","-6,14","-4,31","0,01834059647","22,65661766","82,53615763"
-19,"-9,9029","188,37","375,65","-8,19","-5,93","-4,09","0,01861739983","22,8052503","98,88716329"
-18,"-8,9768","188,83","371,92","-7,94","-5,67","-3,84","0,01883542893","22,96413506","115,2343275"
-17,"-7,8431","194,5","391,98","-7,37","-5,27","-3,51","0,01900267226","23,12900952","131,6880565"
-16,"-6,8752","210,04","436,05","-6,65","-4,7","-2,93","0,01922308095","23,29513362","147,9033658"
-15,"-5,0946","224,57","474,13","-6,01","-4,12","-2,53","0,01934707647","23,45765897","164,3038469"
-14,"-3,1775","237,55","573,75","-5,27","-3,44","-1,92","0,01948695985","23,61291182","180,7084187"
-13,"-3,9956","237,54","666,5","-4,49","-2,71","-1,24","0,01956017776","23,75679386","196,9101168"
-12,"-1,9806","245,05","474,7","-3,59",-2,"-0,56","0,0196348742","23,88585301","213,2981171"
-11,"-0,2174","264,18","674,81","-2,93","-1,33","0,18","0,01967905964","23,99745688","229,6670457"
-10,"-0,4113","265,32","698,03","-2,18","-0,74","0,63","0,01965055585","24,08922255","245,9333388"
-9,"-0,9964","264,16","666,37","-1,71","-0,34","0,85","0,0196127588","24,15921542","262,3821272"
-8,"-1,4783","261,2","644,44","-1,31","-0,06","1,16","0,01959737478","24,20666618","278,6556121"
-7,"-0,6575","261,44","626,05","-1,19","0,06","1,24","0,01942460867","24,23072059","295,266513"
-6,"0,0381","263,18","599,59","-1,05","0,14","1,38","0,0193254808","24,23142472","311,5948154"
-5,"-0,6165","269,76","561,1","-0,85","0,13","1,1","0,0191800725","24,20955004","328,1469511"
-4,"-0,5609","271,6","568,56","-0,9","0,08",1,"0,01893737527","24,16603841","344,8427198"
-3,"-0,0181","275,7","580,43","-1,01","0,03","1,04","0,01874838432","24,10243957","1,407993859"
-2,"-0,9317","276,79","599,5","-1,19","-0,09","0,97","0,01845349553","24,02110838","18,07893865"
-1,"-0,4274","277,74","635,41","-1,48","-0,17","1,01","0,01821091029","23,92412664","35,0295318"
,,,,,,,"0,01784575075","23,8143696","51,76637124"
,,,,,,,"0,01749682471","23,69494281","68,75630658"
,,,,,,,"0,01716138713","23,56878987","85,82497989"